USE [onedata]
GO

DELETE FROM [dbo].[TAreaAddons]
DELETE FROM [dbo].[TAreas]

SET IDENTITY_INSERT [dbo].[TAreas] ON
INSERT INTO [dbo].[TAreas] ([AreaId],[Name],[Length],[Width],[BurialType])
     VALUES (1,'Площадка 140 х 230 см',230,140,10)
	  ,(2,'Площадка 200 х 230 см',230,200,20)
	  ,(3,	'Площадка 300 х 230 см',230,300,30)
SET IDENTITY_INSERT [dbo].[TAreas] OFF	 

INSERT INTO [dbo].[TAreaAddons] ([Name],[AddonType],[AreaId])
     VALUES ('Заливка 1.4х2.3',1,1)
     ,('Заливка 2х2.3 без окна',1,2)
     ,('Заливка 2х2.3 с окном',1,2)
     ,('Заливка 3х2.3 без окна',1,3)
     ,('Заливка 3х2.3 с одним окном',1,3)
     ,('Заливка 3х2.3 с двумя окнами',1,3)
	 ,('Торцы 30x30_Темно-серые',2,1)
     ,('Торцы 30х30 Светло-серые',2,1)
     ,('Торцы_60х60_Светло-серые',2,1)
     ,('Торцы_60х60_Темно-серые',2,1)
	 ,('Торцы_30х30_светлая_2х2.3',2,2)
     ,('Торцы_30х30_тёмная_2х2.3',2,2)
     ,('Торцы_60х60_светлая_2х2.3',2,2)
     ,('Торцы_60х60_тёмная_2х2.3',2,2)
     ,('Торцы_30х30_светлая_3х2.3',2,3)
     ,('Торцы_30х30_тёмная_3х2.3',2,3)
     ,('Торцы_60х60_светлая_3х2.3',2,3)
     ,('Торцы_60х60_тёмная_3х2.3',2,3)
	 ,('Плитка_30х30_светло-серая',3,1)
     ,('Плитка_30х30_темно-серая',3,1)
     ,('Плитка_60х60_светло-серая',3,1)
     ,('Плитка_60х60_темно-серая',3,1)
	 ,('Плитка_30х30_светлая_2х2.3_без окна',3,2)
     ,('Плитка_30х30_темная_2х2.3_без окна',3,2)
     ,('Плитка_60х60_светлая_2х2.3_без окна',3,2)
     ,('Плитка_60х60_темная_2х2.3_без окна',3,2)
	 ,('Плитка_30х30_светлая_2х2.3_с окном',3,2)
     ,('Плитка_30х30_темная_2х2.3_с окном',3,2)
     ,('Плитка_60х60_светлая_2х2.3_с окном',3,2)
     ,('Плитка_60х60_темная_2х2.3_с окном',3,2)
	 ,('Плитка_30х30_светлая_3х2.3_без окна',3,3)
     ,('Плитка_30х30_темная_3х2.3_без окна',3,3)
     ,('Плитка_60х60_светлая_3х2.3_без окна',3,3)
     ,('Плитка_60х60_темная_3х2.3_без окна',3,3)
	 ,('Плитка_30х30_светлая_3х2.3_с одним окном',3,3)
     ,('Плитка_30х30_темная_3х2.3_с одним окном',3,3)
     ,('Плитка_60х60_светлая_3х2.3_с одним окном',3,3)
     ,('Плитка_60х60_темная_3х2.3_с одним окном',3,3)
	 ,('Плитка_30х30_светлая_3х2.3_с двумя окнами',3,3)
     ,('Плитка_30х30_темная_3х2.3_с двумя окнами',3,3)
     ,('Плитка_60х60_светлая_3х2.3_с двумя окнами',3,3)
     ,('Плитка_60х60_темная_3х2.3_с двумя окнами',3,3)
GO

DELETE FROM [dbo].[TConstructorItems]

INSERT INTO [dbo].[TConstructorItems]
           ([Name],[ImageName],[Price],[ArticleNumber],[Material],[Length],[Width],[Height],[Weight],[Varranty],[ItemType])
     VALUES (NULL,NULL,140,'тумб402015','Гранит',40,20,15,140,1,1)
	 ,(NULL,NULL,150,'тумб502015','Гранит',50,20,15,150,1,1)
	 ,(NULL,NULL,160,'тумб602015','Гранит',60,20,15,160,1,1)
	 ,('Цветник 100х40х8х5','100х40х8х5',240,'цвет100х40х8х5','Гранит',100,40,8,240,1,1)
	 ,('Цветник 100х50х8х5','100х50х8х5',250,'цвет100х50х8х5','Гранит',100,50,8,250,1,1)
	 ,('Цветник 100х60х8х5','100х60х8х5',260,'цвет100х60х8х5','Гранит',100,60,8,260,1,1)
	 ,('Цветник 110х40х8х5','110х40х8х5',240,'цвет110х40х8х5','Гранит',110,40,8,240,1,1)
	 ,('Цветник 110х50х8х5','110х50х8х5',250,'цвет110х50х8х5','Гранит',110,50,8,250,1,1)
	 ,('Цветник 110х60х8х5','110х60х8х5',260,'цвет110х60х8х5','Гранит',110,60,8,260,1,1)



GO


