USE [onedata]
GO


DELETE FROM [dbo].[TAreas]

SET IDENTITY_INSERT [dbo].[TAreas] ON
INSERT INTO [dbo].[TAreas] ([AreaId],[Name],[Length],[Width],[BurialType])
     VALUES (1,'Площадка 140 х 230 см',230,140,10)
	  ,(2,'Площадка 200 х 230 см',230,200,20)
	  ,(3,'Площадка 300 х 230 см',230,300,30)
SET IDENTITY_INSERT [dbo].[TAreas] OFF	 

GO

DELETE FROM [dbo].[TConstructorItemPositions]
DELETE FROM [dbo].[TConstructorItems]
DELETE FROM [dbo].[TConstructorItemCategorys]
GO

SET IDENTITY_INSERT [dbo].[TConstructorItemCategorys] ON 
INSERT INTO [dbo].[TConstructorItemCategorys]
           ([ConstructorItemCategoryID],[Name],[ItemType],[ParentCategoryId],[SortOrder])
     VALUES (1,'Цветник 100х8х5',20,NULL,1)
	 ,(2,'Цветник 110х8х5',20,NULL,2)
	 ,(3,'Стелы горизонтальные',30,NULL,1)
	 ,(4,'Стелы вертикальные',30,NULL,2)	 
	 ,(5,'100x60x5',30,3,1)
	 ,(6,'100x60x8',30,3,2)
	 ,(7,'120x60x5',30,3,3)	 
	 ,(8,'80x40x45',30,4,1)
	 ,(9,'100x50x5',30,4,2)
	 ,(10,'100x50x8',30,4,3)
	 ,(11,'Метровые надгробные плиты',40,NULL,1)
	 ,(12,'Для метрового цветника',40,NULL,2)
	 ,(13,'Для 110-го цветника',40,NULL,3)
	 ,(14,'50x30x3',40,12,2)
	 ,(15,'40x30x3',40,13,1)
	 ,(16,'Ограда 2x2.3 подвесная',50,NULL,NULL)
	 ,(17,'Ограда 2x2.3 стандарт',50,NULL,NULL)
	 ,(18,'Ограда 3x2.3 подвесная',50,NULL,NULL)
	 ,(19,'Ограда 3x2.3 стандарт',50,NULL,NULL)
	 ,(20,'Ваза форма №1',80,NULL,1)
	 ,(21,'Ваза форма №2',80,NULL,2)


SET IDENTITY_INSERT [dbo].[TConstructorItemCategorys] OFF

SET IDENTITY_INSERT [dbo].[TConstructorItems] ON
INSERT INTO [dbo].[TConstructorItems]
           ([ConstructorItemID],[Name],[Price],[ArticleNumber],[Material],[Length],[Width],[Height],[Weight],[Varranty],[ItemType],[CategoryId],[AllowedBurialTypes])
     VALUES (1,'Тумба 40x20x15',323,'тумб402015','Гранит',40,20,15,39,1,10,NULL,NULL)
	 ,(2,'Тумба 50x20x15',793,'тумб502015','Гранит',50,20,15,92,1,10,NULL,NULL)
	 ,(3,'Тумба 60x20x15',364,'тумб602015','Гранит',60,20,15,145,1,10,NULL,NULL)
	 ,(4,'Цветник 100х40х8х5',834,'цвет100х40х8х5','Гранит',100,40,8,198,1,20,1,NULL)
	 ,(5,'Цветник 100х50х8х5',404,'цвет100х50х8х5','Гранит',100,50,8,71,1,20,1,NULL)
	 ,(6,'Цветник 100х60х8х5',874,'цвет100х60х8х5','Гранит',100,60,8,124,1,20,1,NULL)
	 ,(7,'Цветник 110х40х8х5',444,'цвет110х40х8х5','Гранит',110,40,8,176,1,20,2,NULL)
	 ,(8,'Цветник 110х50х8х5',915,'цвет110х50х8х5','Гранит',110,50,8,49,1,20,2,NULL)
	 ,(9,'Цветник 110х60х8х5',485,'цвет110х60х8х5','Гранит',110,60,8,102,1,20,2,NULL)
	 ,(10,'Форма №1',955,'xxxxxxx','Гранит',80,40,5,155,1,30,8,NULL)
	 ,(11,'Форма №2',525,'xxxxxxx','Гранит',80,40,5,28,1,30,8,NULL)
	 ,(12,'Форма №3',995,'xxxxxxx','Гранит',80,40,5,80,1,30,8,NULL)
	 ,(13,'Форма №4',565,'xxxxxxx','Гранит',80,40,5,133,1,30,8,NULL)
	 ,(14,'Форма №5',136,'xxxxxxx','Гранит',80,40,5,186,1,30,8,NULL)
	 ,(15,'Форма №6',606,'xxxxxxx','Гранит',80,40,5,59,1,30,8,NULL)
	 ,(16,'Форма №7',176,'xxxxxxx','Гранит',80,40,5,112,1,30,8,NULL)
	 ,(17,'Форма №8',646,'xxxxxxx','Гранит',80,40,5,164,1,30,8,NULL)
	 ,(18,'Форма №9',216,'xxxxxxx','Гранит',80,40,5,37,1,30,8,NULL)
	 ,(19,'Форма №10',687,'xxxxxxx','Гранит',80,40,5,90,1,30,8,NULL)
	 ,(20,'Форма №11',257,'xxxxxxx','Гранит',80,40,5,143,1,30,8,NULL)
	 ,(21,'Форма №12',727,'xxxxxxx','Гранит',80,40,5,196,1,30,8,NULL)
	 ,(22,'Форма №13',297,'xxxxxxx','Гранит',80,40,5,69,1,30,8,NULL)
	 ,(23,'Форма №14',767,'xxxxxxx','Гранит',80,40,5,121,1,30,8,NULL)
	 ,(24,'Форма №15',338,'xxxxxxx','Гранит',80,40,5,174,1,30,8,NULL)
	 ,(25,'Форма №16',808,'xxxxxxx','Гранит',80,40,5,47,1,30,8,NULL)
	 ,(26,'Форма №1',378,'xxxxxxx','Гранит',100,50,5,100,1,30,9,NULL)
	 ,(27,'Форма №2',848,'xxxxxxx','Гранит',100,50,5,153,1,30,9,NULL)
	 ,(28,'Форма №3',418,'xxxxxxx','Гранит',100,50,5,25,1,30,9,NULL)
	 ,(29,'Форма №4',888,'xxxxxxx','Гранит',100,50,5,78,1,30,9,NULL)
	 ,(30,'Форма №5',459,'xxxxxxx','Гранит',100,50,5,131,1,30,9,NULL)
	 ,(31,'Форма №6',929,'xxxxxxx','Гранит',100,50,5,184,1,30,9,NULL)
	 ,(32,'Форма №7',499,'xxxxxxx','Гранит',100,50,5,57,1,30,9,NULL)
	 ,(33,'Форма №8',969,'xxxxxxx','Гранит',100,50,5,110,1,30,9,NULL)
	 ,(34,'Форма №9',539,'xxxxxxx','Гранит',100,50,5,162,1,30,9,NULL)
	 ,(35,'Форма №10',110,'xxxxxxx','Гранит',100,50,5,35,1,30,9,NULL)
	 ,(36,'Форма №11',580,'xxxxxxx','Гранит',100,50,5,88,1,30,9,NULL)
	 ,(37,'Форма №12',150,'xxxxxxx','Гранит',100,50,5,141,1,30,9,NULL)
	 ,(38,'Форма №13',620,'xxxxxxx','Гранит',100,50,5,194,1,30,9,NULL)
	 ,(39,'Форма №14',190,'xxxxxxx','Гранит',100,50,5,66,1,30,9,NULL)
	 ,(40,'Форма №15',660,'xxxxxxx','Гранит',100,50,5,119,1,30,9,NULL)
	 ,(41,'Форма №16',231,'xxxxxxx','Гранит',100,50,5,172,1,30,9,NULL)
	 ,(42,'Форма №1',701,'xxxxxxx','Гранит',100,50,8,45,1,30,10,NULL)
	 ,(43,'Форма №2',271,'xxxxxxx','Гранит',100,50,8,98,1,20,10,NULL)
	 ,(44,'Форма №3',741,'xxxxxxx','Гранит',100,50,8,150,1,20,10,NULL)
	 ,(45,'Форма №4',311,'xxxxxxx','Гранит',100,50,8,23,1,20,10,NULL)
	 ,(46,'Форма №5',782,'xxxxxxx','Гранит',100,50,8,76,1,20,10,NULL)
	 ,(47,'Форма №6',352,'xxxxxxx','Гранит',100,50,8,129,1,20,10,NULL)
	 ,(48,'Форма №7',822,'xxxxxxx','Гранит',100,50,8,182,1,20,10,NULL)
	 ,(49,'Форма №8',392,'xxxxxxx','Гранит',100,50,8,55,1,20,10,NULL)
	 ,(50,'Форма №9',862,'xxxxxxx','Гранит',100,50,8,107,1,20,10,NULL)
	 ,(51,'Форма №10',432,'xxxxxxx','Гранит',100,50,8,160,1,20,10,NULL)
	 ,(52,'Форма №11',903,'xxxxxxx','Гранит',100,50,8,33,1,20,10,NULL)
	 ,(53,'Форма №12',473,'xxxxxxx','Гранит',100,50,8,86,1,20,10,NULL)
	 ,(54,'Форма №13',943,'xxxxxxx','Гранит',100,50,8,139,1,20,10,NULL)
	 ,(55,'Форма №14',513,'xxxxxxx','Гранит',100,50,8,191,1,20,10,NULL)
	 ,(56,'Форма №15',983,'xxxxxxx','Гранит',100,50,8,64,1,20,10,NULL)
	 ,(57,'Форма №16',554,'xxxxxxx','Гранит',100,50,8,117,1,20,10,NULL)
	 ,(58,'Форма №17',124,'xxxxxxx','Гранит',100,60,5,170,1,30,5,NULL)
	 ,(59,'Форма №18',594,'xxxxxxx','Гранит',100,60,5,43,1,30,5,NULL)
	 ,(60,'Форма №19',164,'xxxxxxx','Гранит',100,60,5,96,1,30,5,NULL)
	 ,(61,'Форма №20',634,'xxxxxxx','Гранит',100,60,5,148,1,30,5,NULL)
	 ,(62,'Форма №21',204,'xxxxxxx','Гранит',100,60,5,21,1,30,5,NULL)
	 ,(63,'Форма №22',675,'xxxxxxx','Гранит',100,60,5,74,1,30,5,NULL)
	 ,(64,'Форма №23',245,'xxxxxxx','Гранит',100,60,5,127,1,30,5,NULL)
	 ,(65,'Форма №24',715,'xxxxxxx','Гранит',100,60,5,180,1,30,5,NULL)
	 ,(66,'Форма №25',285,'xxxxxxx','Гранит',100,60,5,52,1,30,5,NULL)
	 ,(67,'Форма №26',755,'xxxxxxx','Гранит',100,60,5,105,1,30,5,NULL)
	 ,(68,'Форма №27',326,'xxxxxxx','Гранит',100,60,5,158,1,30,5,NULL)
	 ,(69,'Форма №17',796,'xxxxxxx','Гранит',100,60,8,31,1,30,6,NULL)
	 ,(70,'Форма №18',366,'xxxxxxx','Гранит',100,60,8,84,1,30,6,NULL)
	 ,(71,'Форма №19',836,'xxxxxxx','Гранит',100,60,8,137,1,30,6,NULL)
	 ,(72,'Форма №20',406,'xxxxxxx','Гранит',100,60,8,189,1,30,6,NULL)
	 ,(73,'Форма №21',876,'xxxxxxx','Гранит',100,60,8,62,1,30,6,NULL)
	 ,(74,'Форма №22',447,'xxxxxxx','Гранит',100,60,8,115,1,30,6,NULL)
	 ,(75,'Форма №23',917,'xxxxxxx','Гранит',100,60,8,168,1,30,6,NULL)
	 ,(76,'Форма №24',487,'xxxxxxx','Гранит',100,60,8,41,1,30,6,NULL)
	 ,(77,'Форма №25',957,'xxxxxxx','Гранит',100,60,8,93,1,30,6,NULL)
	 ,(78,'Форма №26',527,'xxxxxxx','Гранит',100,60,8,146,1,30,6,NULL)
	 ,(79,'Форма №27',998,'xxxxxxx','Гранит',100,60,8,199,1,30,6,NULL)
	 ,(80,'Форма №17',568,'xxxxxxx','Гранит',120,60,5,72,1,30,7,NULL)
	 ,(81,'Форма №18',138,'xxxxxxx','Гранит',120,60,5,125,1,30,7,NULL)
	 ,(82,'Форма №19',608,'xxxxxxx','Гранит',120,60,5,177,1,30,7,NULL)
	 ,(83,'Форма №20',178,'xxxxxxx','Гранит',120,60,5,50,1,30,7,NULL)
	 ,(84,'Форма №21',648,'xxxxxxx','Гранит',120,60,5,103,1,30,7,NULL)
	 ,(85,'Форма №22',219,'xxxxxxx','Гранит',120,60,5,156,1,30,7,NULL)
	 ,(86,'Форма №23',689,'xxxxxxx','Гранит',120,60,5,29,1,30,7,NULL)
	 ,(87,'Форма №24',259,'xxxxxxx','Гранит',120,60,5,82,1,30,7,NULL)
	 ,(88,'Форма №25',729,'xxxxxxx','Гранит',120,60,5,134,1,30,7,NULL)
	 ,(89,'Форма №26',299,'xxxxxxx','Гранит',120,60,5,187,1,30,7,NULL)
	 ,(90,'Форма №27',770,'xxxxxxx','Гранит',120,60,5,60,1,30,7,NULL)
	 ,(91,'100x40x3',340,'xxxxxxx','Гранит',100,40,3,113,1,40,11,NULL)
	 ,(92,'100x50x3',810,'xxxxxxx','Гранит',100,50,3,166,1,40,11,NULL)
	 ,(93,'100x60x3',380,'xxxxxxx','Гранит',100,60,3,38,1,40,11,NULL)
	 ,(94,'50x30x3 прямая верхняя',850,'xxxxxxx','Гранит',50,30,3,91,1,40,14,NULL)
	 ,(95,'50x30x3 прямая нижняя',420,'xxxxxxx','Гранит',50,30,3,144,1,40,14,NULL)
	 ,(96,'50x30x3 фигурная верхняя',891,'xxxxxxx','Гранит',50,30,3,197,1,40,14,NULL)
	 ,(97,'50x30x3 фигурная нижняя',461,'xxxxxxx','Гранит',50,30,3,70,1,40,14,NULL)
	 ,(98,'40x30x3 прямая верхняя и нижняя',931,'xxxxxxx','Гранит',40,30,3,123,1,40,15,NULL)
	 ,(99,'40x30x3 прямая верхняя',501,'xxxxxxx','Гранит',40,30,3,175,1,40,15,NULL)
	 ,(100,'40x30x3 прямая нижняя',971,'xxxxxxx','Гранит',40,30,3,48,1,40,15,NULL)
	 ,(101,'40x30x3 фигурная верхняя и нижняя',542,'xxxxxxx','Гранит',40,30,3,101,1,40,15,NULL)
	 ,(102,'40x30x3 фигурная верхняя',112,'xxxxxxx','Гранит',40,30,3,154,1,40,15,NULL)
	 ,(103,'40x30x3 фигурная нижняя',582,'xxxxxxx','Гранит',40,30,3,27,1,40,15,NULL)
	 ,(104,'Ограда 1',152,'xxxxxxx','Гранит',140,230,NULL,79,1,50,NULL,'10')
	 ,(105,'Ограда 1 с лавкой',622,'xxxxxxx','Гранит',140,230,NULL,132,1,50,NULL,'10')
	 ,(106,'Ограда 2',192,'xxxxxxx','Гранит',140,230,NULL,185,1,50,NULL,'10')
	 ,(107,'Ограда 2 с лавкой',663,'xxxxxxx','Гранит',140,230,NULL,58,1,50,NULL,'10')
	 ,(108,'Ограда 3',233,'xxxxxxx','Гранит',140,230,NULL,111,1,50,NULL,'10')
	 ,(109,'Ограда 4',703,'xxxxxxx','Гранит',140,230,NULL,163,1,50,NULL,'10')
	 ,(110,'Ограда_2х2.3 угловая без столбов',273,'xxxxxxx','Гранит',200,230,NULL,36,1,50,NULL,'20')
	 ,(111,'Ограда_2х2.3 угловая со столбами',743,'xxxxxxx','Гранит',200,230,NULL,89,1,50,NULL,'20')
	 ,(112,'Ограда_2х2.3 подвесная',314,'xxxxxxx','Гранит',200,230,NULL,142,1,50,16,'20')
	 ,(113,'Ограда_2х2.3 подвесная 40х20х15',784,'xxxxxxx','Гранит',200,230,NULL,195,1,50,16,'20')
	 ,(114,'Ограда_2х2.3 подвесная 50х20х15',354,'xxxxxxx','Гранит',200,230,NULL,68,1,50,16,'20')
	 ,(115,'Ограда_2х2.3 подвесная 60х20х15',824,'xxxxxxx','Гранит',200,230,NULL,120,1,50,16,'20')
	 ,(116,'Ограда_2х2.3 стандарт',394,'xxxxxxx','Гранит',200,230,NULL,173,1,50,17,'20')
	 ,(117,'Ограда_2х2.3 стандарт 40х20х15',865,'xxxxxxx','Гранит',200,230,NULL,46,1,50,17,'20')
	 ,(118,'Ограда_2х2.3 стандарт 50х20х15',435,'xxxxxxx','Гранит',200,230,NULL,99,1,50,17,'20')
	 ,(119,'Ограда_2х2.3 стандарт 60х20х15',905,'xxxxxxx','Гранит',200,230,NULL,152,1,50,17,'20')
	 ,(120,'Ограда_3х2.3 угловая без столбов',475,'xxxxxxx','Гранит',300,230,NULL,24,1,50,NULL,'30')
	 ,(121,'Ограда_3х2.3 угловая со столбами',945,'xxxxxxx','Гранит',300,230,NULL,77,1,50,NULL,'30')
	 ,(122,'Ограда_3х2.3 подвесная',515,'xxxxxxx','Гранит',300,230,NULL,130,1,50,18,'30')
	 ,(123,'Ограда_3х2.3 подвесная 40х20х15',986,'xxxxxxx','Гранит',300,230,NULL,183,1,50,18,'30')
	 ,(124,'Ограда_3х2.3 подвесная 50х20х15',556,'xxxxxxx','Гранит',300,230,NULL,56,1,50,18,'30')
	 ,(125,'Ограда_3х2.3 подвесная 60х20х15',126,'xxxxxxx','Гранит',300,230,NULL,109,1,50,18,'30')
	 ,(126,'Ограда_3х2.3 стандарт',596,'xxxxxxx','Гранит',300,230,NULL,161,1,50,19,'30')
	 ,(127,'Ограда_3х2.3 стандарт 40х20х15',166,'xxxxxxx','Гранит',300,230,NULL,34,1,50,19,'30')
	 ,(128,'Ограда_3х2.3 стандарт 50х20х15',637,'xxxxxxx','Гранит',300,230,NULL,87,1,50,19,'30')
	 ,(129,'Ограда_3х2.3 стандарт 60х20х15',207,'xxxxxxx','Гранит',300,230,NULL,140,1,50,19,'30')
	 ,(130,'Пики на 4 столба',677,'xxxxxxx','Гранит',10,10,NULL,193,1,60,NULL,'10,20')
	 ,(131,'Пики на 8 столбов',247,'xxxxxxx','Гранит',10,10,NULL,65,1,60,NULL,'10,20')
	 ,(132,'Шары на 4 столба',717,'xxxxxxx','Гранит',10,10,NULL,118,1,60,NULL,'10,20')
	 ,(133,'Шары на 8 столбов',287,'xxxxxxx','Гранит',10,10,NULL,171,1,60,NULL,'10,20')
	 ,(134,'Пики на 10 стлбов',758,'xxxxxxx','Гранит',10,10,NULL,44,1,60,NULL,'30')
	 ,(135,'Шары на 10 стлбов',328,'xxxxxxx','Гранит',10,10,NULL,97,1,60,NULL,'30')

	 ,(137,'Ваза форма №1 20см',368,'xxxxxxx','Гранит',20,0,NULL,22,1,80,20,NULL)
	 ,(138,'Ваза форма №1 25см',838,'xxxxxxx','Гранит',20,0,NULL,75,1,80,20,NULL)
	 ,(139,'Ваза форма №1 30см',409,'xxxxxxx','Гранит',20,0,NULL,128,1,80,20,NULL)
	 ,(140,'Ваза форма №2 20см',879,'xxxxxxx','Гранит',20,0,NULL,181,1,80,21,NULL)
	 ,(141,'Ваза форма №2 25см',449,'xxxxxxx','Гранит',20,0,NULL,54,1,80,21,NULL)
	 ,(142,'Ваза форма №2 30см',919,'xxxxxxx','Гранит',20,0,NULL,106,1,80,21,NULL)

SET IDENTITY_INSERT [dbo].[TConstructorItems] OFF

INSERT INTO [dbo].[TConstructorItemPositions]
           ([ImageName],[Position],[ConstructorItemId])
     VALUES ('40x20x15',0,1)
	 ,('50x20x15',0,2)
	 ,('60x20x15',0,3)
	 ,('100х40х8х5',0,4)
	 ,('100х50х8х5',0,5)
	 ,('100х60х8х5',0,6)
	 ,('110х40х8х5',0,7)
	 ,('110х50х8х5',0,8)
	 ,('110х60х8х5',0,9)
	 ,('Форма №1',0,10)
	 ,('Форма №2',0,11)
	 ,('Форма №3',0,12)
	 ,('Форма №4',0,13)
	 ,('Форма №5',0,14)
	 ,('Форма №6',0,15)
	 ,('Форма №7',0,16)
	 ,('Форма №8',0,17)
	 ,('Форма №9',0,18)
	 ,('Форма №10',0,19)
	 ,('Форма №11',0,20)
	 ,('Форма №12',0,21)
	 ,('Форма №13',0,22)
	 ,('Форма №14',0,23)
	 ,('Форма №15',0,24)
	 ,('Форма №16',0,25)
	 ,('Форма №1',0,26)
	 ,('Форма №2',0,27)
	 ,('Форма №3',0,28)
	 ,('Форма №4',0,29)
	 ,('Форма №5',0,30)
	 ,('Форма №6',0,31)
	 ,('Форма №7',0,32)
	 ,('Форма №8',0,33)
	 ,('Форма №9',0,34)
	 ,('Форма №10',0,35)
	 ,('Форма №11',0,36)
	 ,('Форма №12',0,37)
	 ,('Форма №13',0,38)
	 ,('Форма №14',0,39)
	 ,('Форма №15',0,40)
	 ,('Форма №16',0,41)
	 ,('Форма №1',0,42)
	 ,('Форма №2',0,43)
	 ,('Форма №3',0,44)
	 ,('Форма №4',0,45)
	 ,('Форма №5',0,46)
	 ,('Форма №6',0,47)
	 ,('Форма №7',0,48)
	 ,('Форма №8',0,49)
	 ,('Форма №9',0,50)
	 ,('Форма №10',0,51)
	 ,('Форма №11',0,52)
	 ,('Форма №12',0,53)
	 ,('Форма №13',0,54)
	 ,('Форма №14',0,55)
	 ,('Форма №15',0,56)
	 ,('Форма №16',0,57)
	 ,('Форма №17',0,58)
	 ,('Форма №18',0,59)
	 ,('Форма №19',0,60)
	 ,('Форма №20',0,61)
	 ,('Форма №21',0,62)
	 ,('Форма №22',0,63)
	 ,('Форма №23',0,64)
	 ,('Форма №24',0,65)
	 ,('Форма №25',0,66)
	 ,('Форма №26',0,67)
	 ,('Форма №27',0,68)
	 ,('Форма №17',0,69)
	 ,('Форма №18',0,70)
	 ,('Форма №19',0,71)
	 ,('Форма №20',0,72)
	 ,('Форма №21',0,73)
	 ,('Форма №22',0,74)
	 ,('Форма №23',0,75)
	 ,('Форма №24',0,76)
	 ,('Форма №25',0,77)
	 ,('Форма №26',0,78)
	 ,('Форма №27',0,79)
	 ,('Форма №17',0,80)
	 ,('Форма №18',0,81)
	 ,('Форма №19',0,82)
	 ,('Форма №20',0,83)
	 ,('Форма №21',0,84)
	 ,('Форма №22',0,85)
	 ,('Форма №23',0,86)
	 ,('Форма №24',0,87)
	 ,('Форма №25',0,88)
	 ,('Форма №26',0,89)
	 ,('Форма №27',0,90)
	 ,('100x40x3',0,91)
	 ,('100x50x3',0,92)
	 ,('100x60x3',0,93)
	 ,('50x30x3 прямая верхняя',0,94)
	 ,('50x30x3 прямая нижняя',0,95)
	 ,('50x30x3 фигурная верхняя',0,96)
	 ,('50x30x3 фигурная нижняя',0,97)
	 ,('40x30x3 прямая верхняя и нижняя',0,98)
	 ,('40x30x3 прямая верхняя',0,99)
	 ,('40x30x3 прямая нижняя',0,100)
	 ,('40x30x3 фигурная верхняя и нижняя',0,101)
	 ,('40x30x3 фигурная верхняя',0,102)
	 ,('40x30x3 фигурная нижняя',0,103)
	 ,('Ограда 1',0,104)
	 ,('Ограда 1 с лавкой',0,105)
	 ,('Ограда 2',0,106)
	 ,('Ограда 2 с лавкой',0,107)
	 ,('Ограда 3',0,108)
	 ,('Ограда 4',0,109)
	 ,('Ограда_2х2.3 угловая без столбов',0,110)
	 ,('Ограда_2х2.3 угловая со столбами',0,111)
	 ,('Ограда_2х2.3 подвесная',0,112)
	 ,('Ограда_2х2.3 подвесная для двух 40х20х15',0,113)
	 ,('Ограда_2х2.3 подвесная для двух 50х20х15',0,114)
	 ,('Ограда_2х2.3 подвесная для двух 60х20х15',0,115)
	 ,('Ограда_2х2.3 стандарт',0,116)
	 ,('Ограда_2х2.3 стандарт для двух 40х20х15',0,117)
	 ,('Ограда_2х2.3 стандарт для двух 50х20х15',0,118)
	 ,('Ограда_2х2.3 стандарт для двух 60х20х15',0,119)
	 ,('Ограда_3х2.3 угловая без столбов',0,120)
	 ,('Ограда_3х2.3 угловая со столбами',0,121)
	 ,('Ограда_3х2.3 подвесная',0,122)
	 ,('Ограда_3х2.3 подвесная для двух 40х20х15',0,123)
	 ,('Ограда_3х2.3 подвесная для двух 50х20х15',0,124)
	 ,('Ограда_3х2.3 подвесная для двух 60х20х15',0,125)
	 ,('Ограда_3х2.3 стандарт',0,126)
	 ,('Ограда_3х2.3 стандарт для двух 40х20х15',0,127)
	 ,('Ограда_3х2.3 стандарт для двух 50х20х15',0,128)
	 ,('Ограда_3х2.3 стандарт для двух 60х20х15',0,129)
	 ,('Пики 4шт',0,130)
	 ,('Пики 8шт',0,131)
	 ,('Шары 4шт',0,132)
	 ,('Шары 10шт',0,133)
	 ,('Пики 10шт',0,134)
	 ,('Шары 10шт',0,135)
	 ,('Ваза №1 20см 1',1,137)
	 ,('Ваза №1 20см 2',2,137)
	 ,('Ваза №1 25см 1',1,138)
	 ,('Ваза №1 25см 2',2,138)
	 ,('Ваза №1 30см 1',1,139)
	 ,('Ваза №1 30см 2',2,139)
	 ,('Ваза №2 20см 1',1,140)
	 ,('Ваза №2 20см 2',2,140)
	 ,('Ваза №2 25см 1',1,141)
	 ,('Ваза №2 25см 2',2,141)
	 ,('Ваза №2 30см 1',1,142)
	 ,('Ваза №2 30см 2',2,142)
