USE [onedata]
GO


DELETE FROM [dbo].[TAreas]

SET IDENTITY_INSERT [dbo].[TAreas] ON
INSERT INTO [dbo].[TAreas] ([AreaId],[Name],[Length],[Width],[BurialType])
     VALUES (1,'Площадка 140 х 230 см',230,140,10)
	  ,(2,'Площадка 200 х 230 см',230,200,20)
	  ,(3,'Площадка 300 х 230 см',230,300,30)
SET IDENTITY_INSERT [dbo].[TAreas] OFF	 

GO

DELETE FROM [dbo].[TConstructorItems]
DELETE FROM [dbo].[TConstructorItemCategorys]

SET IDENTITY_INSERT [dbo].[TConstructorItemCategorys] ON 
INSERT INTO [dbo].[TConstructorItemCategorys]
           ([ConstructorItemCategoryID],[Name],[ItemType],[ParentCategoryId],[SortOrder])
     VALUES (1,'Цветник 100х8х5',20,NULL,1)
	 ,(2,'Цветник 110х8х5',20,NULL,2)
	 ,(3,'Стелы горизонтальные',30,NULL,1)
	 ,(4,'Стелы вертикальные',30,NULL,2)	 
	 ,(5,'100x60x5',30,3,1)
	 ,(6,'100x60x8',30,3,2)
	 ,(7,'120x60x5',30,3,3)	 
	 ,(8,'80x40x45',30,4,1)
	 ,(9,'100x50x5',30,4,2)
	 ,(10,'100x50x8',30,4,3)
	 ,(11,'Метровые надгробные плиты',40,NULL,1)
	 ,(12,'Для метрового цветника',40,NULL,2)
	 ,(13,'Для 110-го цветника',40,NULL,3)
	 ,(14,'50x30x3',40,12,2)
	 ,(15,'40x30x3',40,13,1)
	 ,(16,'Ограда 2x2.3 подвесная',50,NULL,NULL)
	 ,(17,'Ограда 2x2.3 стандарт',50,NULL,NULL)
	 ,(18,'Ограда 3x2.3 подвесная',50,NULL,NULL)
	 ,(19,'Ограда 3x2.3 стандарт',50,NULL,NULL)
	 ,(20,'Ваза форма №1',80,NULL,1)
	 ,(21,'Ваза форма №2',80,NULL,2)


SET IDENTITY_INSERT [dbo].[TConstructorItemCategorys] OFF


INSERT INTO [dbo].[TConstructorItems]
           ([Name],[ImageName],[Price],[ArticleNumber],[Material],[Length],[Width],[Height],[Weight],[Varranty],[ItemType],[CategoryId],[AllowedBurialTypes])
     VALUES ('Тумба 40x20x15','40x20x15',140,'тумб402015','Гранит',40,20,15,140,1,10,NULL,NULL)
	 ,('Тумба 50x20x15','50x20x15',150,'тумб502015','Гранит',50,20,15,150,1,10,NULL,NULL)
	 ,('Тумба 60x20x15','60x20x15',160,'тумб602015','Гранит',60,20,15,160,1,10,NULL,NULL)
	 ,('Цветник 100х40х8х5','100х40х8х5',240,'цвет100х40х8х5','Гранит',100,40,8,240,1,20,1,NULL)
	 ,('Цветник 100х50х8х5','100х50х8х5',250,'цвет100х50х8х5','Гранит',100,50,8,250,1,20,1,NULL)
	 ,('Цветник 100х60х8х5','100х60х8х5',260,'цвет100х60х8х5','Гранит',100,60,8,260,1,20,1,NULL)
	 ,('Цветник 110х40х8х5','110х40х8х5',240,'цвет110х40х8х5','Гранит',110,40,8,240,1,20,2,NULL)
	 ,('Цветник 110х50х8х5','110х50х8х5',250,'цвет110х50х8х5','Гранит',110,50,8,250,1,20,2,NULL)
	 ,('Цветник 110х60х8х5','110х60х8х5',260,'цвет110х60х8х5','Гранит',110,60,8,260,1,20,2,NULL)
	 ,('Форма№1',NULL,101,'xxxxxxx','Гранит',80,40,5,101,1,30,8,NULL)
	 ,('Форма№2',NULL,102,'xxxxxxx','Гранит',80,40,5,102,1,30,8,NULL)
	 ,('Форма№3',NULL,103,'xxxxxxx','Гранит',80,40,5,103,1,30,8,NULL)
	 ,('Форма№4',NULL,104,'xxxxxxx','Гранит',80,40,5,104,1,30,8,NULL)
	 ,('Форма№5',NULL,105,'xxxxxxx','Гранит',80,40,5,105,1,30,8,NULL)
	 ,('Форма№6',NULL,106,'xxxxxxx','Гранит',80,40,5,106,1,30,8,NULL)
	 ,('Форма№7',NULL,107,'xxxxxxx','Гранит',80,40,5,107,1,30,8,NULL)
	 ,('Форма№8',NULL,108,'xxxxxxx','Гранит',80,40,5,108,1,30,8,NULL)
	 ,('Форма№9',NULL,109,'xxxxxxx','Гранит',80,40,5,109,1,30,8,NULL)
	 ,('Форма№10',NULL,110,'xxxxxxx','Гранит',80,40,5,110,1,30,8,NULL)
	 ,('Форма№11',NULL,111,'xxxxxxx','Гранит',80,40,5,111,1,30,8,NULL)
	 ,('Форма№12',NULL,112,'xxxxxxx','Гранит',80,40,5,112,1,30,8,NULL)
	 ,('Форма№13',NULL,113,'xxxxxxx','Гранит',80,40,5,113,1,30,8,NULL)
	 ,('Форма№14',NULL,114,'xxxxxxx','Гранит',80,40,5,114,1,30,8,NULL)
	 ,('Форма№15',NULL,115,'xxxxxxx','Гранит',80,40,5,115,1,30,8,NULL)
	 ,('Форма№16',NULL,116,'xxxxxxx','Гранит',80,40,5,116,1,30,8,NULL)
	 ,('Форма№1',NULL,101,'xxxxxxx','Гранит',100,50,5,101,1,30,9,NULL)
	 ,('Форма№2',NULL,102,'xxxxxxx','Гранит',100,50,5,102,1,30,9,NULL)
	 ,('Форма№3',NULL,103,'xxxxxxx','Гранит',100,50,5,103,1,30,9,NULL)
	 ,('Форма№4',NULL,104,'xxxxxxx','Гранит',100,50,5,104,1,30,9,NULL)
	 ,('Форма№5',NULL,105,'xxxxxxx','Гранит',100,50,5,105,1,30,9,NULL)
	 ,('Форма№6',NULL,106,'xxxxxxx','Гранит',100,50,5,106,1,30,9,NULL)
	 ,('Форма№7',NULL,107,'xxxxxxx','Гранит',100,50,5,107,1,30,9,NULL)
	 ,('Форма№8',NULL,108,'xxxxxxx','Гранит',100,50,5,108,1,30,9,NULL)
	 ,('Форма№9',NULL,109,'xxxxxxx','Гранит',100,50,5,109,1,30,9,NULL)
	 ,('Форма№10',NULL,110,'xxxxxxx','Гранит',100,50,5,110,1,30,9,NULL)
	 ,('Форма№11',NULL,111,'xxxxxxx','Гранит',100,50,5,111,1,30,9,NULL)
	 ,('Форма№12',NULL,112,'xxxxxxx','Гранит',100,50,5,112,1,30,9,NULL)
	 ,('Форма№13',NULL,113,'xxxxxxx','Гранит',100,50,5,113,1,30,9,NULL)
	 ,('Форма№14',NULL,114,'xxxxxxx','Гранит',100,50,5,114,1,30,9,NULL)
	 ,('Форма№15',NULL,115,'xxxxxxx','Гранит',100,50,5,115,1,30,9,NULL)
	 ,('Форма№16',NULL,116,'xxxxxxx','Гранит',100,50,5,116,1,30,9,NULL)
	 ,('Форма№1',NULL,101,'xxxxxxx','Гранит',100,50,8,101,1,30,10,NULL)
	 ,('Форма№2',NULL,102,'xxxxxxx','Гранит',100,50,8,102,1,20,10,NULL)
	 ,('Форма№3',NULL,103,'xxxxxxx','Гранит',100,50,8,103,1,20,10,NULL)
	 ,('Форма№4',NULL,104,'xxxxxxx','Гранит',100,50,8,104,1,20,10,NULL)
	 ,('Форма№5',NULL,105,'xxxxxxx','Гранит',100,50,8,105,1,20,10,NULL)
	 ,('Форма№6',NULL,106,'xxxxxxx','Гранит',100,50,8,106,1,20,10,NULL)
	 ,('Форма№7',NULL,107,'xxxxxxx','Гранит',100,50,8,107,1,20,10,NULL)
	 ,('Форма№8',NULL,108,'xxxxxxx','Гранит',100,50,8,108,1,20,10,NULL)
	 ,('Форма№9',NULL,109,'xxxxxxx','Гранит',100,50,8,109,1,20,10,NULL)
	 ,('Форма№10',NULL,110,'xxxxxxx','Гранит',100,50,8,110,1,20,10,NULL)
	 ,('Форма№11',NULL,111,'xxxxxxx','Гранит',100,50,8,111,1,20,10,NULL)
	 ,('Форма№12',NULL,112,'xxxxxxx','Гранит',100,50,8,112,1,20,10,NULL)
	 ,('Форма№13',NULL,113,'xxxxxxx','Гранит',100,50,8,113,1,20,10,NULL)
	 ,('Форма№14',NULL,114,'xxxxxxx','Гранит',100,50,8,114,1,20,10,NULL)
	 ,('Форма№15',NULL,115,'xxxxxxx','Гранит',100,50,8,115,1,20,10,NULL)
	 ,('Форма№16',NULL,116,'xxxxxxx','Гранит',100,50,8,116,1,20,10,NULL)
	 ,('Форма№17',NULL,117,'xxxxxxx','Гранит',100,60,5,117,1,30,5,NULL)
	 ,('Форма№18',NULL,118,'xxxxxxx','Гранит',100,60,5,117,1,30,5,NULL)
	 ,('Форма№19',NULL,119,'xxxxxxx','Гранит',100,60,5,117,1,30,5,NULL)
	 ,('Форма№20',NULL,120,'xxxxxxx','Гранит',100,60,5,117,1,30,5,NULL)
	 ,('Форма№21',NULL,121,'xxxxxxx','Гранит',100,60,5,117,1,30,5,NULL)
	 ,('Форма№22',NULL,122,'xxxxxxx','Гранит',100,60,5,117,1,30,5,NULL)
	 ,('Форма№23',NULL,123,'xxxxxxx','Гранит',100,60,5,117,1,30,5,NULL)
	 ,('Форма№24',NULL,124,'xxxxxxx','Гранит',100,60,5,117,1,30,5,NULL)
	 ,('Форма№25',NULL,125,'xxxxxxx','Гранит',100,60,5,117,1,30,5,NULL)
	 ,('Форма№26',NULL,126,'xxxxxxx','Гранит',100,60,5,117,1,30,5,NULL)
	 ,('Форма№27',NULL,127,'xxxxxxx','Гранит',100,60,5,117,1,30,5,NULL)
	 ,('Форма№17',NULL,117,'xxxxxxx','Гранит',100,60,8,117,1,30,6,NULL)
	 ,('Форма№18',NULL,118,'xxxxxxx','Гранит',100,60,8,117,1,30,6,NULL)
	 ,('Форма№19',NULL,119,'xxxxxxx','Гранит',100,60,8,117,1,30,6,NULL)
	 ,('Форма№20',NULL,120,'xxxxxxx','Гранит',100,60,8,117,1,30,6,NULL)
	 ,('Форма№21',NULL,121,'xxxxxxx','Гранит',100,60,8,117,1,30,6,NULL)
	 ,('Форма№22',NULL,122,'xxxxxxx','Гранит',100,60,8,117,1,30,6,NULL)
	 ,('Форма№23',NULL,123,'xxxxxxx','Гранит',100,60,8,117,1,30,6,NULL)
	 ,('Форма№24',NULL,124,'xxxxxxx','Гранит',100,60,8,117,1,30,6,NULL)
	 ,('Форма№25',NULL,125,'xxxxxxx','Гранит',100,60,8,117,1,30,6,NULL)
	 ,('Форма№26',NULL,126,'xxxxxxx','Гранит',100,60,8,117,1,30,6,NULL)
	 ,('Форма№27',NULL,127,'xxxxxxx','Гранит',100,60,8,117,1,30,6,NULL)
	 ,('Форма№17',NULL,117,'xxxxxxx','Гранит',120,60,5,117,1,30,7,NULL)
	 ,('Форма№18',NULL,118,'xxxxxxx','Гранит',120,60,5,117,1,30,7,NULL)
	 ,('Форма№19',NULL,119,'xxxxxxx','Гранит',120,60,5,117,1,30,7,NULL)
	 ,('Форма№20',NULL,120,'xxxxxxx','Гранит',120,60,5,117,1,30,7,NULL)
	 ,('Форма№21',NULL,121,'xxxxxxx','Гранит',120,60,5,117,1,30,7,NULL)
	 ,('Форма№22',NULL,122,'xxxxxxx','Гранит',120,60,5,117,1,30,7,NULL)
	 ,('Форма№23',NULL,123,'xxxxxxx','Гранит',120,60,5,117,1,30,7,NULL)
	 ,('Форма№24',NULL,124,'xxxxxxx','Гранит',120,60,5,117,1,30,7,NULL)
	 ,('Форма№25',NULL,125,'xxxxxxx','Гранит',120,60,5,117,1,30,7,NULL)
	 ,('Форма№26',NULL,126,'xxxxxxx','Гранит',120,60,5,117,1,30,7,NULL)
	 ,('Форма№27',NULL,127,'xxxxxxx','Гранит',120,60,5,117,1,30,7,NULL)
	 ,('100x40x3',NULL,88,'xxxxxxx','Гранит',100,40,3,115,1,40,11,NULL)
	 ,('100x50x3',NULL,88,'xxxxxxx','Гранит',100,50,3,115,1,40,11,NULL)
	 ,('100x60x3',NULL,88,'xxxxxxx','Гранит',100,60,3,115,1,40,11,NULL)
	 ,('50x30x3 прямая верхняя',NULL,88,'xxxxxxx','Гранит',50,30,3,115,1,40,14,NULL)
	 ,('50x30x3 прямая нижняя',NULL,88,'xxxxxxx','Гранит',50,30,3,115,1,40,14,NULL)
	 ,('50x30x3 фигурная верхняя',NULL,88,'xxxxxxx','Гранит',50,30,3,115,1,40,14,NULL)
	 ,('50x30x3 фигурная нижняя',NULL,88,'xxxxxxx','Гранит',50,30,3,115,1,40,14,NULL)
	 ,('40x30x3 прямая верхняя и нижняя',NULL,88,'xxxxxxx','Гранит',40,30,3,115,1,40,15,NULL)
	 ,('40x30x3 прямая верхняя',NULL,88,'xxxxxxx','Гранит',40,30,3,115,1,40,15,NULL)
	 ,('40x30x3 прямая нижняя',NULL,88,'xxxxxxx','Гранит',40,30,3,115,1,40,15,NULL)
	 ,('40x30x3 фигурная верхняя и нижняя',NULL,88,'xxxxxxx','Гранит',40,30,3,115,1,40,15,NULL)
	 ,('40x30x3 фигурная верхняя',NULL,88,'xxxxxxx','Гранит',40,30,3,115,1,40,15,NULL)
	 ,('40x30x3 фигурная нижняя',NULL,88,'xxxxxxx','Гранит',40,30,3,115,1,40,15,NULL)
	 ,('Ограда 1',NULL,88,'xxxxxxx','Гранит',140,230,NULL,50,1,50,NULL,'10')
	 ,('Ограда 1 с лавкой',NULL,88,'xxxxxxx','Гранит',140,230,NULL,70,1,50,NULL,'10')
	 ,('Ограда 2',NULL,88,'xxxxxxx','Гранит',140,230,NULL,50,1,50,NULL,'10')
	 ,('Ограда 2 с лавкой',NULL,88,'xxxxxxx','Гранит',140,230,NULL,80,1,50,NULL,'10')
	 ,('Ограда 3',NULL,88,'xxxxxxx','Гранит',140,230,NULL,50,1,50,NULL,'10')
	 ,('Ограда 4',NULL,88,'xxxxxxx','Гранит',140,230,NULL,50,1,50,NULL,'10')
	 ,('Ограда_2х2.3 угловая без столбов',NULL,88,'xxxxxxx','Гранит',200,230,NULL,50,1,50,NULL,'20')
	 ,('Ограда_2х2.3 угловая со столбами',NULL,88,'xxxxxxx','Гранит',200,230,NULL,50,1,50,NULL,'20')
	 ,('Ограда_2х2.3 подвесная',NULL,88,'xxxxxxx','Гранит',200,230,NULL,50,1,50,16,'20')
	 ,('Ограда_2х2.3 подвесная 40х20х15','Ограда_2х2.3 подвесная для двух 40х20х15',88,'xxxxxxx','Гранит',200,230,NULL,50,1,50,16,'20')
	 ,('Ограда_2х2.3 подвесная 50х20х15','Ограда_2х2.3 подвесная для двух 50х20х15',88,'xxxxxxx','Гранит',200,230,NULL,50,1,50,16,'20')
	 ,('Ограда_2х2.3 подвесная 60х20х15','Ограда_2х2.3 подвесная для двух 60х20х15',88,'xxxxxxx','Гранит',200,230,NULL,50,1,50,16,'20')
	 ,('Ограда_2х2.3 стандарт',NULL,88,'xxxxxxx','Гранит',200,230,NULL,50,1,50,17,'20')
	 ,('Ограда_2х2.3 стандарт 40х20х15','Ограда_2х2.3 стандарт для двух 40х20х15',88,'xxxxxxx','Гранит',200,230,NULL,50,1,50,17,'20')
	 ,('Ограда_2х2.3 стандарт 50х20х15','Ограда_2х2.3 стандарт для двух 50х20х15',88,'xxxxxxx','Гранит',200,230,NULL,50,1,50,17,'20')
	 ,('Ограда_2х2.3 стандарт 60х20х15','Ограда_2х2.3 стандарт для двух 60х20х15',88,'xxxxxxx','Гранит',200,230,NULL,50,1,50,17,'20')
	 ,('Ограда_3х2.3 угловая без столбов',NULL,88,'xxxxxxx','Гранит',300,230,NULL,50,1,50,NULL,'30')
	 ,('Ограда_3х2.3 угловая со столбами',NULL,88,'xxxxxxx','Гранит',300,230,NULL,50,1,50,NULL,'30')
	 ,('Ограда_3х2.3 подвесная',NULL,88,'xxxxxxx','Гранит',300,230,NULL,50,1,50,18,'30')
	 ,('Ограда_3х2.3 подвесная 40х20х15','Ограда_3х2.3 подвесная для двух 40х20х15',88,'xxxxxxx','Гранит',300,230,NULL,50,1,50,18,'30')
	 ,('Ограда_3х2.3 подвесная 50х20х15','Ограда_3х2.3 подвесная для двух 50х20х15',88,'xxxxxxx','Гранит',300,230,NULL,50,1,50,18,'30')
	 ,('Ограда_3х2.3 подвесная 60х20х15','Ограда_3х2.3 подвесная для двух 60х20х15',88,'xxxxxxx','Гранит',300,230,NULL,50,1,50,18,'30')
	 ,('Ограда_3х2.3 стандарт',NULL,88,'xxxxxxx','Гранит',300,230,NULL,50,1,50,19,'30')
	 ,('Ограда_3х2.3 стандарт 40х20х15','Ограда_3х2.3 стандарт для двух 40х20х15',88,'xxxxxxx','Гранит',300,230,NULL,50,1,50,19,'30')
	 ,('Ограда_3х2.3 стандарт 50х20х15','Ограда_3х2.3 стандарт для двух 50х20х15',88,'xxxxxxx','Гранит',300,230,NULL,50,1,50,19,'30')
	 ,('Ограда_3х2.3 стандарт 60х20х15','Ограда_3х2.3 стандарт для двух 60х20х15',88,'xxxxxxx','Гранит',300,230,NULL,50,1,50,19,'30')
	 ,('Пики на 4 столба','Пики 4шт',40,'xxxxxxx','Гранит',10,10,NULL,4,1,60,NULL,'10,20')
	 ,('Пики на 8 столбов','Пики 8шт',40,'xxxxxxx','Гранит',10,10,NULL,4,1,60,NULL,'10,20')
	 ,('Шары на 4 столба','Шары 4шт',40,'xxxxxxx','Гранит',10,10,NULL,4,1,60,NULL,'10,20')
	 ,('Шары на 8 столбов','Шары 10шт',40,'xxxxxxx','Гранит',10,10,NULL,4,1,60,NULL,'10,20')
	 ,('Пики на 10 стлбов','Пики 10шт',40,'xxxxxxx','Гранит',10,10,NULL,4,1,60,NULL,'30')
	 ,('Шары на 10 стлбов','Шары 10шт',40,'xxxxxxx','Гранит',10,10,NULL,4,1,60,NULL,'30')

	 ,('Ваза форма №1 20см','Ваза №1 20см',40,'xxxxxxx','Гранит',20,0,NULL,4,1,80,20,NULL)
	 ,('Ваза форма №1 25см','Ваза №1 25см',40,'xxxxxxx','Гранит',20,0,NULL,4,1,80,20,NULL)
	 ,('Ваза форма №1 30см','Ваза №1 30см',40,'xxxxxxx','Гранит',20,0,NULL,4,1,80,20,NULL)
	 ,('Ваза форма №2 20см','Ваза №2',40,'xxxxxxx','Гранит',20,0,NULL,4,1,80,21,NULL)
	 ,('Ваза форма №2 25см','Ваза №2',40,'xxxxxxx','Гранит',20,0,NULL,4,1,80,21,NULL)
	 ,('Ваза форма №2 30см','Ваза №2',40,'xxxxxxx','Гранит',20,0,NULL,4,1,80,21,NULL)

GO


